PITG_10560 ,PITG_12435 ,PITG_12993 ,PITG_20877 	4	PDI	TPR
PITG_02227 ,PITG_09480 ,PITG_11875 ,PITG_12892 ,PITG_13765 ,PITG_14223 ,PITG_19950 ,PITG_21389 	8	EAR_1	TPR
PITG_02103 ,PITG_05074 ,PITG_07055 ,PITG_07556 ,PITG_08293 ,PITG_08317 ,PITG_09526 ,PITG_09626 ,PITG_10339 ,PITG_11913 ,PITG_12000 ,PITG_17961 ,PITG_19309 ,PITG_20676 ,PITG_22107 	15	RXLR	TPR
PITG_05300 	1	YxSL[RK]	HAT
PITG_09361 	1	YFWxC	TPR
PITG_15602 ,PITG_16701 	2	PDI	HAT
PITG_06344 ,PITG_07124 	2	RXLR	HAT
PITG_03522 	1	EAR_1	HAT
PITG_01456 	1	RXLR,[LI]xAR	BRCT
PITG_15701 ,PITG_21409 	2	LysM	BRCT
PITG_00094 ,PITG_00101 ,PITG_00181 ,PITG_03126 ,PITG_03973 ,PITG_04476 ,PITG_04539 ,PITG_10812 ,PITG_11228 ,PITG_11259 ,PITG_12016 ,PITG_12021 ,PITG_13963 ,PITG_14500 ,PITG_19442 ,PITG_20885 ,PITG_21535 	17	YFWxC	HAT
PITG_06968 	1	YFWxC,PDI	TPR
PITG_11299 	1	ToxA	BRCT
PITG_02769 ,PITG_07965 ,PITG_11029 ,PITG_13007 ,PITG_16465 	5	LysM	TPR
PITG_09786 	1	YFWxC,CHxC	Zinc_finger_CCHCtype
PITG_07433 ,PITG_13085 	2	PDI	BRCT
PITG_00525 ,PITG_04981 ,PITG_05287 ,PITG_22654 	4	LysM	HAT
PITG_04339 ,PITG_21107 	2	RXLR	BRCT
PITG_22963 	1	Crinkler,EAR_1	TPR
PITG_20534 	1	RXLR,EAR_1	TPR
PITG_00077 ,PITG_06345 ,PITG_06512 ,PITG_09993 ,PITG_22743 	5	[LI]xAR	TPR
PITG_13404 	1	RXLR,LysM	BRCT
PITG_22965 	1	RXLR,Crinkler,EAR_1	TPR
PITG_18834 	1	Crinkler,EAR_1	HAT
PITG_18707 	1	RXLR,EAR_1	HAT
PITG_02694 	1	Crinkler,[LI]xAR	BRCT
PITG_00445 	1	[LI]xAR	HAT
PITG_12434 	1	[LI]xAR,[LI]xAR[SE][DSE]	TPR
PITG_10457 ,PITG_22587 	2	[LI]xAR	BRCT
PITG_00265 ,PITG_04568 	2	YFWxC	BRCT
PITG_18357 	1	G[IFY][ALST]R	HAT
PITG_17472 ,PITG_19055 	2	ToxA	TPR
